{
    "loss": 22.870609283447266,
    "accuracy": 0.5035971403121948
}