{
    "loss": 2.870609283447266,
    "accuracy": 0.8035971403121948
}
