{
    "loss": 6.053668975830078,
    "accuracy": 0.5035971403121948
}